[
    {
        "firstName": "Brad",
        "lastName": "Hutchison",
        "roles": [
            {
                "id": "1",
                "text": "admin",
                "permissions": [
                    {
                        "id": "02",
                        "text": "update"
                    },
                    {
                        "id": "03",
                        "text": "delete"
                    }
                ]
            },
           {
            "id": "2",
            "text": "admin",
            "permissions": [
                {
                    "id": "04",
                    "text": "read"
                }
            ]
           }
        ]

    }
]